[
  {
    "title": "বাংলা খবর",
    "description": "আজকের সব বাংলা সংবাদ পড়ুন এখানে"
  },
  {
    "title": "ইসলামিক বই",
    "description": "ইসলাম নিয়ে পড়ার জন্য সেরা বই"
  },
  {
    "title": "ই-কমার্স",
    "description": "বাংলাদেশের অনলাইন মার্কেটপ্লেস"
  },
  {
    "title": "টেক আপডেট",
    "description": "নতুন প্রযুক্তির সব খবর"
  }
]